<?xml version="1.0" encoding="UTF-8"?>

<channel name="xfce4-panel" version="1.0">
  <property name="panels" type="array">
    <value type="int" value="1"/>
    <property name="panel-1" type="empty">
      <property name="position" type="string" value="p=6;x=64;y=24"/>
      <property name="size" type="uint" value="36"/>
      <property name="length" type="uint" value="100"/>
      <property name="position-locked" type="bool" value="true"/>
      <property name="plugin-ids" type="array">
        <value type="int" value="1"/>
        <value type="int" value="2"/>
        <value type="int" value="4"/>
        <value type="int" value="11"/>
        <value type="int" value="6"/>
        <value type="int" value="15"/>
        <value type="int" value="16"/>
        <value type="int" value="7"/>
        <value type="int" value="13"/>
        <value type="int" value="8"/>
        <value type="int" value="3"/>
        <value type="int" value="9"/>
        <value type="int" value="10"/>
        <value type="int" value="5"/>
      </property>
    </property>
  </property>
  <property name="plugins" type="empty">
    <property name="plugin-1" type="string" value="separator">
      <property name="expand" type="bool" value="false"/>
      <property name="style" type="uint" value="0"/>
    </property>
    <property name="plugin-2" type="string" value="launcher">
      <property name="items" type="array">
        <value type="string" value="16691320541.desktop"/>
      </property>
    </property>
    <property name="plugin-4" type="string" value="separator">
      <property name="style" type="uint" value="0"/>
      <property name="expand" type="bool" value="false"/>
    </property>
    <property name="plugin-6" type="string" value="separator">
      <property name="expand" type="bool" value="true"/>
      <property name="style" type="uint" value="0"/>
    </property>
    <property name="plugin-7" type="string" value="notification-plugin"/>
    <property name="plugin-8" type="string" value="pulseaudio">
      <property name="enable-keyboard-shortcuts" type="bool" value="true"/>
      <property name="mpris-players" type="string" value="firefox.instance1955;rhythmbox"/>
    </property>
    <property name="plugin-9" type="string" value="clock"/>
    <property name="plugin-10" type="string" value="separator">
      <property name="style" type="uint" value="0"/>
      <property name="expand" type="bool" value="false"/>
    </property>
    <property name="plugin-11" type="string" value="appmenu">
      <property name="plugins" type="empty">
        <property name="plugin-11" type="empty">
          <property name="compact-mode" type="bool" value="false"/>
          <property name="bold-application-name" type="bool" value="false"/>
          <property name="expand" type="bool" value="false"/>
        </property>
      </property>
    </property>
    <property name="plugin-13" type="string" value="power-manager-plugin"/>
    <property name="plugin-15" type="string" value="screenshooter"/>
    <property name="plugin-16" type="string" value="xfce4-clipman-plugin"/>
    <property name="plugin-3" type="string" value="launcher">
      <property name="items" type="array">
        <value type="string" value="16691342051.desktop"/>
      </property>
    </property>
    <property name="plugin-5" type="string" value="actions"/>
  </property>
  <property name="configver" type="int" value="2"/>
</channel>
